{
  "op": "gelu",
  "hidden": 15,
  "cut_points": [
    -Infinity,
    -2.3924474716186523,
    -0.7344902753829956,
    -0.32265979051589966,
    -0.08186657726764679,
    0.18701699376106262,
    0.18757203221321106,
    0.1879337877035141,
    0.19155064225196838,
    0.5044857859611511,
    0.8916807174682617,
    2.0565128326416016,
    2.8693718910217285,
    4.93628454208374,
    5.062342643737793,
    5.710220813751221,
    Infinity
  ],
  "slopes": [
    -0.002745172008872032,
    -0.10794363170862198,
    0.14207130670547485,
    0.34957054257392883,
    0.5248302817344666,
    1.06831693649292,
    1.0215309858322144,
    0.99261873960495,
    0.7632107734680176,
    0.9713428020477295,
    1.1178185939788818,
    1.0412864685058594,
    1.0011461973190308,
    0.9816504716873169,
    0.9643942713737488,
    0.9843774437904358
  ],
  "biases": [
    -0.011855574324727058,
    -0.26353734731674194,
    -0.07990381121635437,
    -0.012952148914337158,
    0.0013957619667053223,
    -0.10024549067020416,
    -0.09146974980831146,
    -0.08603616058826447,
    -0.04209291189908981,
    -0.1470925360918045,
    -0.2777021527290344,
    -0.12031298875808716,
    -0.005135618150234222,
    0.09110109508037567,
    0.17845779657363892,
    0.06434936076402664
  ]
}