{
  "op": "divide",
  "hidden": 10,
  "cut_points": [
    -Infinity,
    0.15410181879997253,
    0.48635414242744446,
    1.4447587728500366,
    2.1500797271728516,
    3.4340405464172363,
    3.4355151653289795,
    6.010868549346924,
    12.346359252929688,
    34.2826042175293,
    182.97793579101562,
    Infinity
  ],
  "slopes": [
    -0.457805335521698,
    -0.611741304397583,
    -0.6752148270606995,
    -0.3238562345504761,
    -0.1299806833267212,
    -0.023414352908730507,
    -0.048559945076704025,
    -0.01307924184948206,
    -0.002310020849108696,
    -0.0001398720924044028,
    0.0
  ],
  "biases": [
    1.59567129611969,
    1.6193931102752686,
    1.6502636671066284,
    1.1426352262496948,
    0.7257874011993408,
    0.35983431339263916,
    0.4462223947048187,
    0.2329525351524353,
    0.09999185800552368,
    0.025593506172299385,
    0.0
  ]
}