{
  "op": "invsqrt",
  "hidden": 32,
  "cut_points": [
    -Infinity,
    0.0987074002623558,
    0.10001169145107269,
    0.11775746196508408,
    0.1416277438402176,
    0.17240126430988312,
    0.208341583609581,
    0.2510462701320648,
    0.3027782142162323,
    0.36322522163391113,
    0.43257299065589905,
    0.5178046226501465,
    0.6298510432243347,
    0.7562209367752075,
    0.8914240002632141,
    1.0598527193069458,
    1.2977550029754639,
    1.608244776725769,
    2.0437095165252686,
    2.678931474685669,
    3.5439112186431885,
    3.5456581115722656,
    3.550834894180298,
    4.852408409118652,
    6.797715187072754,
    9.826144218444824,
    14.633903503417969,
    23.03549575805664,
    38.61199188232422,
    72.33477020263672,
    150.65028381347656,
    362.6993408203125,
    1968.3006591796875,
    Infinity
  ],
  "slopes": [
    -13.777628898620605,
    -13.845529556274414,
    -13.93317985534668,
    -10.850358963012695,
    -8.047048568725586,
    -6.023940086364746,
    -4.561290740966797,
    -3.4375038146972656,
    -2.604825496673584,
    -1.9920711517333984,
    -1.545285701751709,
    -1.1491409540176392,
    -0.8666425347328186,
    -0.6651149988174438,
    -0.53011554479599,
    -0.3891586363315582,
    -0.2907072603702545,
    -0.2039862424135208,
    -0.14053377509117126,
    -0.09086965024471283,
    -0.10200831294059753,
    -0.11141522973775864,
    -0.05974697694182396,
    -0.03570132702589035,
    -0.021639104932546616,
    -0.01172646414488554,
    -0.006408486049622297,
    -0.0030903194565325975,
    -0.0012860014103353024,
    -0.0004592199402395636,
    -0.00013229591422714293,
    -3.077916335314512e-05,
    0.0
  ],
  "biases": [
    4.534022808074951,
    4.540725231170654,
    4.5494914054870605,
    4.186466217041016,
    3.7894396781921387,
    3.440653085708618,
    3.13592267036438,
    2.853800058364868,
    2.6016831398010254,
    2.379115343093872,
    2.1858479976654053,
    1.980722427368164,
    1.8027905225753784,
    1.6503912210464478,
    1.530049443244934,
    1.3806558847427368,
    1.2528901100158691,
    1.1134214401245117,
    0.9837430715560913,
    0.8506962656974792,
    0.890170693397522,
    0.9235244393348694,
    0.7400590181350708,
    0.623379647731781,
    0.5277886986732483,
    0.43038567900657654,
    0.35256287455558777,
    0.27612724900245667,
    0.2064589560031891,
    0.1466539055109024,
    0.09740270674228668,
    0.06058264896273613,
    0.0
  ]
}