{
  "op": "exp",
  "hidden": 64,
  "cut_points": [
    -Infinity,
    -8.990401268005371,
    -8.988744735717773,
    -6.835597991943359,
    -5.603024959564209,
    -4.749947547912598,
    -4.102376937866211,
    -4.09979772567749,
    -3.5914981365203857,
    -3.1826720237731934,
    -2.8233911991119385,
    -2.487616539001465,
    -2.1970810890197754,
    -2.1945242881774902,
    -2.0483202934265137,
    -1.914401888847351,
    -1.9121425151824951,
    -1.710408329963684,
    -1.707779049873352,
    -1.5275527238845825,
    -1.5249980688095093,
    -1.4098988771438599,
    -1.3850058317184448,
    -1.2861653566360474,
    -1.178820013999939,
    -1.114210844039917,
    -1.0704635381698608,
    -1.0113568305969238,
    -1.0088824033737183,
    -0.9284332990646362,
    -0.9284290671348572,
    -0.8497167825698853,
    -0.8480597734451294,
    -0.8459113240242004,
    -0.7954763770103455,
    -0.7387453317642212,
    -0.6814572811126709,
    -0.6320372223854065,
    -0.6303524374961853,
    -0.6303392052650452,
    -0.5763118863105774,
    -0.5762001276016235,
    -0.505782425403595,
    -0.46598342061042786,
    -0.4142807126045227,
    -0.3552890419960022,
    -0.32221734523773193,
    -0.27597272396087646,
    -0.27580946683883667,
    -0.27577880024909973,
    -0.22658923268318176,
    -0.18006177246570587,
    -0.12938141822814941,
    -0.10240355134010315,
    -0.08062846958637238,
    -0.05464187636971474,
    -0.04057426378130913,
    -0.017072202637791634,
    2.1631898562191054e-05,
    3.9849404856795445e-05,
    0.00013409391976892948,
    0.002748427214100957,
    0.003056594170629978,
    0.010434630326926708,
    0.05189171060919762,
    Infinity
  ],
  "slopes": [
    0.0,
    0.004549563396722078,
    0.0003819405101239681,
    0.0020283102057874203,
    0.005724488757550716,
    0.012053526937961578,
    0.035853538662195206,
    0.02139817737042904,
    0.034233901649713516,
    0.049210116267204285,
    0.07040607184171677,
    0.09644442051649094,
    0.14973203837871552,
    0.12489982694387436,
    0.1324959695339203,
    0.18517695367336273,
    0.16339769959449768,
    0.22668971121311188,
    0.1980726420879364,
    0.2598365247249603,
    0.23466947674751282,
    0.2523593008518219,
    0.25563135743141174,
    0.2975957691669464,
    0.3156411945819855,
    0.34094685316085815,
    0.3463686406612396,
    0.42550259828567505,
    0.37902307510375977,
    0.45986348390579224,
    0.4117168188095093,
    0.4936433434486389,
    0.47111257910728455,
    0.4357282221317291,
    0.4674755930900574,
    0.48808959126472473,
    0.5238109827041626,
    0.5348058938980103,
    0.5369327068328857,
    0.5403129458427429,
    0.6367824673652649,
    0.5848647952079773,
    0.6193763017654419,
    0.6377313733100891,
    0.6847149729728699,
    0.7147836089134216,
    0.7364957928657532,
    0.8390364050865173,
    0.8071004152297974,
    0.7814000248908997,
    0.8130174875259399,
    0.858473539352417,
    0.8978172540664673,
    0.9049696326255798,
    0.9407557845115662,
    0.9468997716903687,
    0.9738098978996277,
    0.9916306734085083,
    0.9932352304458618,
    1.0024915933609009,
    1.0029821395874023,
    0.9983741044998169,
    0.9984031915664673,
    0.9985307455062866,
    0.9913529753684998
  ],
  "biases": [
    0.0,
    0.04090239852666855,
    0.0034407004714012146,
    0.014694621786475182,
    0.035404402762651443,
    0.0654670000076294,
    0.1631036102771759,
    0.10383956134319305,
    0.14993904531002045,
    0.19760341942310333,
    0.25744789838790894,
    0.3222213089466095,
    0.439298540353775,
    0.3848036527633667,
    0.4003629982471466,
    0.5012155771255493,
    0.4595705270767212,
    0.5678256750106812,
    0.5189540386199951,
    0.6133016347885132,
    0.5749219655990601,
    0.599862813949585,
    0.6043946146965027,
    0.6583678126335144,
    0.6796401143074036,
    0.7078359723091125,
    0.7136397361755371,
    0.7936724424362183,
    0.7467800378799438,
    0.8218349814414978,
    0.7771341800689697,
    0.8467485308647156,
    0.8276411294937134,
    0.7977091073989868,
    0.8229633569717407,
    0.8381918668746948,
    0.8625344634056091,
    0.8694836497306824,
    0.8708242774009705,
    0.8729550242424011,
    0.9285515546798706,
    0.8986365795135498,
    0.9160919189453125,
    0.9246450662612915,
    0.9441094398498535,
    0.9547924995422363,
    0.961788535118103,
    0.9900869727134705,
    0.9812787175178528,
    0.9741910696029663,
    0.9813552498817444,
    0.989540159702301,
    0.9946305155754089,
    0.9953629374504089,
    0.9982483386993408,
    0.9985840320587158,
    0.9996758699417114,
    0.9999801516532898,
    0.999980092048645,
    0.9999797344207764,
    0.9999796748161316,
    0.999992311000824,
    0.9999922513961792,
    0.9999909400939941,
    1.0003633499145508
  ]
}