{
  "op": "silu",
  "hidden": 14,
  "cut_points": [
    -Infinity,
    -5.460965156555176,
    -4.825503349304199,
    -1.2625080347061157,
    -0.47805529832839966,
    -0.14330916106700897,
    -0.043748583644628525,
    0.04034991189837456,
    0.2821519076824188,
    0.772809624671936,
    0.7845865488052368,
    1.4174444675445557,
    2.605508327484131,
    5.758985996246338,
    6.739407062530518,
    Infinity
  ],
  "slopes": [
    -7.965601980686188e-06,
    -0.059061240404844284,
    -0.06413030624389648,
    0.04670124500989914,
    0.36685141921043396,
    0.3032263219356537,
    0.21967372298240662,
    0.9667373895645142,
    0.8778420090675354,
    1.0199459791183472,
    0.9350391030311584,
    1.0626953840255737,
    1.0351474285125732,
    1.0223090648651123,
    0.9999992251396179
  ],
  "biases": [
    -0.0001480474602431059,
    -0.3226359486579895,
    -0.347096711397171,
    -0.2071709930896759,
    -0.05412152409553528,
    -0.06323957443237305,
    -0.06689488887786865,
    -0.09703884273767471,
    -0.0719568207859993,
    -0.18177616596221924,
    -0.11515939980745316,
    -0.2961050570011139,
    -0.2243286669254303,
    -0.15039248764514923,
    -3.7575140595436096e-05
  ]
}