{
  "op": "silu",
  "hidden": 32,
  "cut_points": [
    -Infinity,
    -104.76697540283203,
    -6.516757488250732,
    -4.883310317993164,
    -1.910770058631897,
    -1.5939865112304688,
    -1.558040738105774,
    -1.4969615936279297,
    -1.3187768459320068,
    -1.0340591669082642,
    -0.6806206107139587,
    -0.6756226420402527,
    -0.32844382524490356,
    -0.04592762142419815,
    0.03549797832965851,
    0.10406852513551712,
    0.3009360134601593,
    0.3339783251285553,
    0.3356143534183502,
    0.33766961097717285,
    0.356170117855072,
    0.37407010793685913,
    0.4003915786743164,
    0.5946237444877625,
    0.7079294919967651,
    0.7150164246559143,
    1.1500582695007324,
    1.3832441568374634,
    1.452722430229187,
    1.5297136306762695,
    3.168471097946167,
    5.82393217086792,
    9.913227081298828,
    Infinity
  ],
  "slopes": [
    0.0007787654176354408,
    3.2570387702435255e-06,
    -0.0223246980458498,
    -0.05383727326989174,
    -0.06743301451206207,
    -0.0410003699362278,
    -0.16843676567077637,
    0.08646360039710999,
    -0.07713344693183899,
    -0.0689750462770462,
    0.15315669775009155,
    0.3611460328102112,
    0.296151727437973,
    0.16917121410369873,
    0.619250476360321,
    0.6864930987358093,
    0.5906410217285156,
    0.5616508722305298,
    0.6317924857139587,
    0.5996778011322021,
    0.5224232077598572,
    0.6122435927391052,
    0.8644809126853943,
    0.8990475535392761,
    0.9480791687965393,
    0.9507552981376648,
    1.0305107831954956,
    1.0390359163284302,
    1.0775283575057983,
    1.077883243560791,
    1.040632963180542,
    1.0024019479751587,
    0.9999964237213135
  ],
  "biases": [
    0.0810714066028595,
    -0.00017626688349992037,
    -0.14568214118480682,
    -0.2995678186416626,
    -0.32554614543914795,
    -0.2834128737449646,
    -0.48196396231651306,
    -0.10038787126541138,
    -0.31613588333129883,
    -0.307699590921402,
    -0.15651215612888336,
    -0.01598985493183136,
    -0.037336841225624084,
    -0.04316875338554382,
    -0.05914565920829773,
    -0.06614349782466888,
    -0.037298157811164856,
    -0.02761608362197876,
    -0.051156602799892426,
    -0.04031243175268173,
    -0.012796655297279358,
    -0.04639577865600586,
    -0.1473894864320755,
    -0.16794365644454956,
    -0.20265458524227142,
    -0.2045680582523346,
    -0.29629144072532654,
    -0.30808383226394653,
    -0.3640027344226837,
    -0.36454564332962036,
    -0.2465190440416336,
    -0.02386413887143135,
    -1.8025748431682587e-05
  ]
}