{
  "op": "silu",
  "hidden": 64,
  "cut_points": [
    -Infinity,
    -237.2790985107422,
    -104.76697540283203,
    -80.0006332397461,
    -80.00048828125,
    -80.0,
    -7.384713649749756,
    -5.786498069763184,
    -5.280179500579834,
    -4.857656002044678,
    -3.3697710037231445,
    -3.051704168319702,
    -1.806794285774231,
    -1.6780468225479126,
    -1.5990042686462402,
    -1.38529634475708,
    -1.329400658607483,
    -1.1694401502609253,
    -1.1133478879928589,
    -1.1056839227676392,
    -0.9196109771728516,
    -0.8754662275314331,
    -0.5903220176696777,
    -0.586967945098877,
    -0.5042084455490112,
    -0.4434284269809723,
    -0.11696034669876099,
    -0.110300213098526,
    -0.1038704663515091,
    -0.04765903949737549,
    -0.011780543252825737,
    0.0049452949315309525,
    0.1651233285665512,
    0.19200946390628815,
    0.24635255336761475,
    0.26191335916519165,
    0.3505841791629791,
    0.47423914074897766,
    0.4912048280239105,
    0.5728930234909058,
    0.5754281282424927,
    0.5943500399589539,
    0.6377976536750793,
    0.642441987991333,
    0.7402594685554504,
    0.7753333449363708,
    0.79784095287323,
    1.1387168169021606,
    1.461022138595581,
    1.6166369915008545,
    1.9773626327514648,
    2.0566093921661377,
    2.2338905334472656,
    3.5649335384368896,
    3.5710039138793945,
    4.025093078613281,
    4.222392559051514,
    5.106301307678223,
    5.193342685699463,
    7.825214862823486,
    10.951793670654297,
    11.317387580871582,
    17.4226131439209,
    90.0093002319336,
    158.1711883544922,
    Infinity
  ],
  "slopes": [
    -0.0002900812542065978,
    -0.0005202154279686511,
    -1.2489394066506065e-05,
    -1.251714365935186e-05,
    -1.2500629054557066e-05,
    -1.2500619050115347e-05,
    -0.012525565922260284,
    -0.008666503243148327,
    -0.022001205012202263,
    -0.0567716509103775,
    -0.08268023282289505,
    -0.049504127353429794,
    -0.1025160700082779,
    -0.11752423644065857,
    -0.11149219423532486,
    -0.1028558760881424,
    -0.10068032145500183,
    -0.04985111951828003,
    0.040208086371421814,
    0.07991982251405716,
    0.08685588091611862,
    0.1389463096857071,
    0.23733225464820862,
    0.2618345618247986,
    0.4172608256340027,
    0.33583343029022217,
    0.24960273504257202,
    0.30929848551750183,
    0.25612592697143555,
    0.45981478691101074,
    0.3512253761291504,
    0.34598308801651,
    0.5594223737716675,
    0.6369197964668274,
    0.5832117795944214,
    0.5985769629478455,
    0.728339672088623,
    0.7223424315452576,
    0.7015637755393982,
    0.653853178024292,
    0.8253714442253113,
    0.910993754863739,
    1.0539329051971436,
    1.0444568395614624,
    0.9781232476234436,
    0.9815325140953064,
    1.0195766687393188,
    1.018686294555664,
    1.0314981937408447,
    1.0530239343643188,
    1.0569766759872437,
    1.0798860788345337,
    1.0892635583877563,
    1.0772488117218018,
    1.0959607362747192,
    1.0235950946807861,
    1.0260708332061768,
    1.026636004447937,
    1.007118582725525,
    1.002148985862732,
    0.9872990250587463,
    1.0003465414047241,
    0.9999774694442749,
    0.9999774694442749,
    0.9999774694442749
  ],
  "biases": [
    0.0013363572070375085,
    -0.053269676864147186,
    -7.675711094634607e-05,
    -7.897712930571288e-05,
    -7.7655931818299e-05,
    -7.765513146296144e-05,
    -0.09248306602239609,
    -0.07015261054039001,
    -0.14056222140789032,
    -0.30946511030197144,
    -0.39677107334136963,
    -0.2955274283885956,
    -0.39130911231040955,
    -0.4164935350418091,
    -0.4068482518196106,
    -0.3948844075202942,
    -0.3919922113418579,
    -0.3325505256652832,
    -0.23228329420089722,
    -0.18837466835975647,
    -0.1819961965084076,
    -0.1363927721977234,
    -0.07831338793039322,
    -0.06393130123615265,
    0.014435917139053345,
    -0.021671302616596222,
    -0.031756870448589325,
    -0.025172412395477295,
    -0.030695483088493347,
    -0.020987868309020996,
    -0.02226710319519043,
    -0.022241175174713135,
    -0.057484984397888184,
    -0.07236523926258087,
    -0.05913412570953369,
    -0.06315848231315613,
    -0.10865122079849243,
    -0.1058070957660675,
    -0.09560053795576096,
    -0.06826747208833694,
    -0.16696390509605408,
    -0.21785353124141693,
    -0.3090197443962097,
    -0.30293193459510803,
    -0.25382792949676514,
    -0.2564712166786194,
    -0.2868243455886841,
    -0.2858105003833771,
    -0.30452901124954224,
    -0.33932819962501526,
    -0.34714433550834656,
    -0.39425989985466003,
    -0.4152081608772278,
    -0.37237659096717834,
    -0.4391966164112091,
    -0.14791853725910187,
    -0.15837213397026062,
    -0.1612580120563507,
    -0.059897247701883316,
    -0.021008450537919998,
    0.1416248381137848,
    -0.006039087660610676,
    0.0003900555893778801,
    0.00038957720971666276,
    0.00038957720971666276
  ]
}