{
  "op": "gelu",
  "hidden": 64,
  "cut_points": [
    -Infinity,
    -104.76697540283203,
    -12.059898376464844,
    -8.495414733886719,
    -7.830817699432373,
    -5.53549337387085,
    -3.459094762802124,
    -2.789726972579956,
    -2.7774267196655273,
    -2.376354694366455,
    -2.1412065029144287,
    -1.9824546575546265,
    -1.684049367904663,
    -1.6391602754592896,
    -1.4400980472564697,
    -1.398506760597229,
    -1.0428005456924438,
    -0.8235532641410828,
    -0.6327935457229614,
    -0.5343616604804993,
    -0.4662574529647827,
    -0.43880659341812134,
    -0.31968411803245544,
    -0.3143688440322876,
    -0.29856833815574646,
    -0.22518427670001984,
    -0.0865192711353302,
    -0.07715699821710587,
    -0.06965887546539307,
    0.011387229897081852,
    0.06715979427099228,
    0.08299582451581955,
    0.11109189689159393,
    0.12281334400177002,
    0.13644953072071075,
    0.25225386023521423,
    0.2998051643371582,
    0.30600425601005554,
    0.4204005002975464,
    0.5534323453903198,
    0.5545377731323242,
    0.5571170449256897,
    0.5654003620147705,
    0.7034085988998413,
    0.7268055081367493,
    0.936263382434845,
    1.073669672012329,
    1.1667979955673218,
    1.6285643577575684,
    1.8388457298278809,
    2.064324140548706,
    2.2633721828460693,
    2.6582489013671875,
    2.9937899112701416,
    3.377495765686035,
    3.384314775466919,
    4.278861045837402,
    5.000043869018555,
    5.062342643737793,
    5.686871528625488,
    5.885371208190918,
    7.244429111480713,
    11.199158668518066,
    14.839103698730469,
    37.94858932495117,
    Infinity
  ],
  "slopes": [
    -0.03239233046770096,
    -0.03188460320234299,
    -0.02662959322333336,
    -0.029278460890054703,
    -0.026214230805635452,
    -0.00029809772968292236,
    -0.008171189576387405,
    0.010217258706688881,
    -0.03680368512868881,
    -0.05671272426843643,
    -0.08294663578271866,
    -0.09676273167133331,
    -0.1704706847667694,
    -0.1182013675570488,
    -0.1568741351366043,
    -0.12255487591028214,
    -0.05613892525434494,
    0.00018408335745334625,
    0.11425076425075531,
    0.12850762903690338,
    0.06600585579872131,
    0.2348688840866089,
    0.24851681292057037,
    0.25253695249557495,
    0.2874085307121277,
    0.36616331338882446,
    0.5926844477653503,
    0.5164673328399658,
    0.4689556956291199,
    0.5462727546691895,
    0.5649698376655579,
    0.5686999559402466,
    0.46545183658599854,
    0.4568924605846405,
    0.6878799200057983,
    0.6999538540840149,
    0.6467596292495728,
    0.7767369151115417,
    0.8562063574790955,
    0.7989003658294678,
    0.7854548692703247,
    0.9637517929077148,
    0.9474934935569763,
    0.8903000950813293,
    1.0416077375411987,
    1.0843422412872314,
    1.110487461090088,
    1.1248443126678467,
    1.1181856393814087,
    1.0859674215316772,
    1.0708585977554321,
    1.0436601638793945,
    1.0127238035202026,
    1.0112663507461548,
    0.9224596619606018,
    1.0008059740066528,
    0.9999634027481079,
    0.9999639987945557,
    1.0038433074951172,
    1.0033408403396606,
    1.0001252889633179,
    1.0063807964324951,
    1.0272846221923828,
    1.0195088386535645,
    1.0179201364517212
  ],
  "biases": [
    -0.26294076442718506,
    -0.20974785089492798,
    -0.1463729739189148,
    -0.16887621581554413,
    -0.14488078653812408,
    -0.0014222115278244019,
    -0.028655976057052612,
    0.022642776370048523,
    -0.10795444250106812,
    -0.15526540577411652,
    -0.21143759787082672,
    -0.23882737755775452,
    -0.3629552125930786,
    -0.277277410030365,
    -0.33296999335289,
    -0.2849743068218231,
    -0.215715691447258,
    -0.16933070123195648,
    -0.0971500426530838,
    -0.08953171968460083,
    -0.11867363750934601,
    -0.04457542300224304,
    -0.040212392807006836,
    -0.038948580622673035,
    -0.02853703498840332,
    -0.010802701115608215,
    0.008795753121376038,
    0.0029150694608688354,
    -0.0003945380449295044,
    -0.0012749731540679932,
    -0.0025306642055511475,
    -0.0028402507305145264,
    0.008629783987998962,
    0.009680986404418945,
    -0.021837159991264343,
    -0.024882838129997253,
    -0.008934944868087769,
    -0.04870854318141937,
    -0.08211754262447357,
    -0.050402551889419556,
    -0.04294653236865997,
    -0.1422787606716156,
    -0.13308633863925934,
    -0.09285597503185272,
    -0.20282720029354095,
    -0.24283793568611145,
    -0.2709093391895294,
    -0.2876608371734619,
    -0.276816725730896,
    -0.21757248044013977,
    -0.18638308346271515,
    -0.12482284009456635,
    -0.042586058378219604,
    -0.0382230281829834,
    0.2617214024066925,
    -0.0034272968769073486,
    0.00017823278903961182,
    0.00017489492893218994,
    -0.019463181495666504,
    -0.016605883836746216,
    0.0023187100887298584,
    -0.04299863427877426,
    -0.2771036624908447,
    -0.16171859204769135,
    -0.10143061727285385
  ]
}