{
  "op": "divide",
  "hidden": 15,
  "cut_points": [
    -Infinity,
    0.15410181879997253,
    0.24175889790058136,
    0.48635414242744446,
    0.5857293009757996,
    0.593207597732544,
    0.9996264576911926,
    0.9996772408485413,
    0.9998747706413269,
    1.5351152420043945,
    2.4574289321899414,
    4.469054698944092,
    9.852980613708496,
    9.853751182556152,
    32.09210205078125,
    177.738037109375,
    Infinity
  ],
  "slopes": [
    -0.17355218529701233,
    -0.08446400612592697,
    -0.07247576117515564,
    -0.2357044219970703,
    -0.35822078585624695,
    -0.5061285495758057,
    -0.5591844320297241,
    -0.6169365048408508,
    -0.6295508146286011,
    -0.2657298743724823,
    -0.0900651067495346,
    -0.022271228954195976,
    -0.029308993369340897,
    -0.0027654762379825115,
    -0.00014880283561069518,
    0.0
  ],
  "biases": [
    1.2501543760299683,
    1.2364256381988525,
    1.233527421951294,
    1.3129143714904785,
    1.3846757411956787,
    1.472415804862976,
    1.525451898574829,
    1.5831851959228516,
    1.5957980155944824,
    1.0372909307479858,
    0.605607271194458,
    0.30263271927833557,
    0.3719756603240967,
    0.11042247712612152,
    0.026447921991348267,
    0.0
  ]
}