{
  "op": "gelu",
  "hidden": 16,
  "cut_points": [
    -Infinity,
    -2.8813705444335938,
    -2.877657413482666,
    -2.0837037563323975,
    -0.7657251358032227,
    -0.22113563120365143,
    -0.21136926114559174,
    0.2227722853422165,
    0.23713195323944092,
    0.2447122484445572,
    0.44071173667907715,
    0.6101943254470825,
    0.9065918922424316,
    1.955001711845398,
    2.4602699279785156,
    3.092458963394165,
    5.062342643737793,
    Infinity
  ],
  "slopes": [
    -0.0010253135114908218,
    -0.04250489920377731,
    -0.040285736322402954,
    -0.11456800997257233,
    0.13701105117797852,
    0.6155158281326294,
    0.5155322551727295,
    1.0928071737289429,
    1.035417914390564,
    0.7654595971107483,
    0.8880095481872559,
    0.9814934134483337,
    1.1200571060180664,
    1.0603573322296143,
    1.0232081413269043,
    1.0006096363067627,
    0.9666162729263306
  ],
  "biases": [
    -0.004590610042214394,
    -0.12410865724086761,
    -0.11772266030311584,
    -0.27250492572784424,
    -0.0798645168542862,
    0.025949940085411072,
    0.00481647253036499,
    -0.1237843930721283,
    -0.11017555743455887,
    -0.044113460928201675,
    -0.09812267124652863,
    -0.15516597032546997,
    -0.2807867228984833,
    -0.16407346725463867,
    -0.07267647236585617,
    -0.0027915770187973976,
    0.1692945808172226
  ]
}