{
  "op": "gelu",
  "hidden": 14,
  "cut_points": [
    -Infinity,
    -2.878220558166504,
    -2.077094554901123,
    -0.8261572122573853,
    -0.3352758288383484,
    0.2028714120388031,
    0.2044040709733963,
    0.20822326838970184,
    0.20886266231536865,
    0.5297948122024536,
    0.7865126132965088,
    1.9726293087005615,
    2.4093337059020996,
    3.017025947570801,
    5.062342643737793,
    Infinity
  ],
  "slopes": [
    -0.001029335893690586,
    -0.040605027228593826,
    -0.11541798710823059,
    0.07883372902870178,
    0.43087202310562134,
    1.2372992038726807,
    1.0881857872009277,
    0.9631456732749939,
    0.8682730197906494,
    0.8782834410667419,
    1.1167216300964355,
    1.0620616674423218,
    1.0281192064285278,
    1.0006788969039917,
    1.0342038869857788
  ],
  "biases": [
    -0.004612313117831945,
    -0.11851988732814789,
    -0.2739134728908539,
    -0.11343102157115936,
    0.0045989155769348145,
    -0.15900209546089172,
    -0.12852270901203156,
    -0.10248643904924393,
    -0.08267108350992203,
    -0.08797456324100494,
    -0.275509238243103,
    -0.16768547892570496,
    -0.08590655773878098,
    -0.003118559718132019,
    -0.17283347249031067
  ]
}