{
  "op": "invsqrt",
  "hidden": 64,
  "cut_points": [
    -Infinity,
    0.020194416865706444,
    0.042371854186058044,
    0.05216528847813606,
    0.06563173234462738,
    0.07137440145015717,
    0.10880708694458008,
    0.11850599199533463,
    0.12981653213500977,
    0.14347784221172333,
    0.15845578908920288,
    0.17439210414886475,
    0.19208219647407532,
    0.21357977390289307,
    0.22780820727348328,
    0.233954519033432,
    0.25627401471138,
    0.2793010175228119,
    0.295338898897171,
    0.32457053661346436,
    0.35712626576423645,
    0.3942658603191376,
    0.4446549713611603,
    0.503097653388977,
    0.5386266112327576,
    0.5796612501144409,
    0.667678713798523,
    0.733142077922821,
    0.7540056705474854,
    0.798253059387207,
    0.8641778230667114,
    0.9635080099105835,
    1.1131017208099365,
    1.114893913269043,
    1.287947416305542,
    1.2880722284317017,
    1.2880789041519165,
    1.2902629375457764,
    1.4401679039001465,
    1.6123931407928467,
    1.6151806116104126,
    1.9064902067184448,
    2.301471710205078,
    2.3020379543304443,
    2.303412914276123,
    2.3060953617095947,
    2.858570098876953,
    2.8620212078094482,
    3.421954870223999,
    4.088940620422363,
    4.868935585021973,
    5.876957893371582,
    5.885173797607422,
    7.500419616699219,
    9.768486976623535,
    12.888848304748535,
    16.969600677490234,
    23.89044952392578,
    34.80898666381836,
    53.1417121887207,
    86.99903869628906,
    148.99290466308594,
    274.8888244628906,
    535.3042602539062,
    2337.947509765625,
    Infinity
  ],
  "slopes": [
    -14.842025756835938,
    -14.948705673217773,
    -14.961877822875977,
    -14.919273376464844,
    -14.92365837097168,
    -14.824706077575684,
    -13.070435523986816,
    -11.477739334106445,
    -9.908124923706055,
    -8.529480934143066,
    -7.358244895935059,
    -6.393020153045654,
    -5.496277332305908,
    -4.674765586853027,
    -4.63065767288208,
    -4.20552921295166,
    -3.518272638320923,
    -3.286731481552124,
    -2.9276809692382812,
    -2.490931510925293,
    -2.1987133026123047,
    -1.843027949333191,
    -1.538773536682129,
    -1.2727086544036865,
    -1.249063491821289,
    -1.0197107791900635,
    -0.8266761302947998,
    -0.7813522219657898,
    -0.7414153218269348,
    -0.6597732901573181,
    -0.5823746919631958,
    -0.4729216396808624,
    -0.48980745673179626,
    -0.38139769434928894,
    -0.4016348719596863,
    -0.4187625050544739,
    -0.44088438153266907,
    -0.3044571876525879,
    -0.27374184131622314,
    -0.28782880306243896,
    -0.21364687383174896,
    -0.1663537621498108,
    -0.1793559491634369,
    -0.18621328473091125,
    -0.1872236430644989,
    -0.12098438292741776,
    -0.13749055564403534,
    -0.08778005093336105,
    -0.0708097442984581,
    -0.051149576902389526,
    -0.04187385365366936,
    -0.04599831998348236,
    -0.028672946617007256,
    -0.020198727026581764,
    -0.013125996105372906,
    -0.008822161704301834,
    -0.005577447358518839,
    -0.0032055501360446215,
    -0.0017547663301229477,
    -0.0008942781132645905,
    -0.0004081494698766619,
    -0.00016907376993913203,
    -6.386456516338512e-05,
    -2.3207447156892158e-05,
    0.0
  ],
  "biases": [
    4.649425506591797,
    4.651579856872559,
    4.6521382331848145,
    4.64991569519043,
    4.650203227996826,
    4.64314079284668,
    4.452263832092285,
    4.263519763946533,
    4.059757709503174,
    3.861953020095825,
    3.676363945007324,
    3.5080361366271973,
    3.3357880115509033,
    3.160329580307007,
    3.1502814292907715,
    3.0508205890655518,
    2.87469482421875,
    2.8100249767303467,
    2.7039835453033447,
    2.562227487564087,
    2.457868814468384,
    2.317634105682373,
    2.1823458671569824,
    2.0484893321990967,
    2.0357532501220703,
    1.9028065204620361,
    1.7739213705062866,
    1.7406924962997437,
    1.7105798721313477,
    1.6454088687896729,
    1.5785226821899414,
    1.4730638265609741,
    1.4918594360351562,
    1.370993971824646,
    1.3970584869384766,
    1.4191200733184814,
    1.4476147890090942,
    1.27158784866333,
    1.2273526191711426,
    1.2500663995742798,
    1.1302491426467896,
    1.0400853157043457,
    1.070009469985962,
    1.085795283317566,
    1.0881224870681763,
    0.935368537902832,
    0.9825525879859924,
    0.8402800559997559,
    0.7822084426879883,
    0.7018191814422607,
    0.6566562652587891,
    0.6808956265449524,
    0.5789327621459961,
    0.5153725743293762,
    0.44628268480300903,
    0.3908112049102783,
    0.33574968576431274,
    0.2790839970111847,
    0.2285836786031723,
    0.18285587430000305,
    0.14056314527988434,
    0.10494256019592285,
    0.0760217234492302,
    0.054257795214653015,
    0.0
  ]
}