{
  "op": "invsqrt",
  "hidden": 16,
  "cut_points": [
    -Infinity,
    0.13084560632705688,
    0.17574118077754974,
    0.23282256722450256,
    0.32399895787239075,
    0.4586028456687927,
    0.6868944764137268,
    1.080580711364746,
    1.762732982635498,
    3.0603208541870117,
    5.791114330291748,
    11.853943824768066,
    11.868401527404785,
    27.171838760375977,
    73.7308120727539,
    262.62799072265625,
    1804.1939697265625,
    Infinity
  ],
  "slopes": [
    -13.000773429870605,
    -8.36108112335205,
    -5.432582855224609,
    -3.513399600982666,
    -2.052260160446167,
    -1.2016713619232178,
    -0.6245478391647339,
    -0.2977146804332733,
    -0.1416456401348114,
    -0.05685034021735191,
    -0.02036028727889061,
    -0.025747006759047508,
    -0.006318808067589998,
    -0.0016495459713041782,
    -0.0002682492195162922,
    -3.5459968785289675e-05,
    0.0
  ],
  "biases": [
    4.4481377601623535,
    3.8410544395446777,
    3.3263967037200928,
    2.8795676231384277,
    2.4061598777770996,
    2.0160775184631348,
    1.6196545362472534,
    1.2664849758148193,
    0.9913769364356995,
    0.7318760752677917,
    0.5205579996109009,
    0.5844119191169739,
    0.3538302183151245,
    0.226957768201828,
    0.12511363625526428,
    0.06397666037082672,
    0.0
  ]
}