{
  "op": "divide",
  "hidden": 64,
  "cut_points": [
    -Infinity,
    0.020194416865706444,
    0.042371854186058044,
    0.05216528847813606,
    0.06563173234462738,
    0.07137440145015717,
    0.15410181879997253,
    0.20034293830394745,
    0.2055155485868454,
    0.20850315690040588,
    0.2145894169807434,
    0.2396279126405716,
    0.24096231162548065,
    0.24175889790058136,
    0.26495054364204407,
    0.28735825419425964,
    0.31294724345207214,
    0.3346462845802307,
    0.424757182598114,
    0.48635414242744446,
    0.5773881077766418,
    0.5857293009757996,
    0.5864350199699402,
    0.593207597732544,
    0.6502389311790466,
    0.6630315184593201,
    0.8126066327095032,
    0.9233207702636719,
    0.9874104261398315,
    0.9998583793640137,
    0.9998843669891357,
    1.0798839330673218,
    1.1666804552078247,
    1.2610498666763306,
    1.3634860515594482,
    1.4750251770019531,
    1.4757541418075562,
    1.5995200872421265,
    1.7356090545654297,
    1.7357957363128662,
    1.7370210886001587,
    1.898937702178955,
    2.1038260459899902,
    2.3813388347625732,
    2.7089672088623047,
    2.709052801132202,
    2.709185838699341,
    2.711883544921875,
    3.100412368774414,
    3.5548884868621826,
    3.5563766956329346,
    4.100001811981201,
    4.863316535949707,
    5.876046657562256,
    7.097749710083008,
    8.77674388885498,
    11.342877388000488,
    14.77710247039795,
    20.28952407836914,
    28.689077377319336,
    43.3707275390625,
    71.84112548828125,
    138.00579833984375,
    311.184814453125,
    1270.1728515625,
    Infinity
  ],
  "slopes": [
    -1.0032860040664673,
    -1.1099650859832764,
    -1.1231379508972168,
    -1.0805330276489258,
    -1.0849179029464722,
    -0.9859660267829895,
    -0.9832797646522522,
    -0.9578889608383179,
    -0.921126663684845,
    -0.8646098971366882,
    -0.9008944630622864,
    -0.9012672901153564,
    -0.9212266802787781,
    -0.8988927602767944,
    -0.8923671245574951,
    -0.8954657316207886,
    -0.9289900064468384,
    -0.9234879016876221,
    -0.9435293078422546,
    -0.9694624543190002,
    -0.9848881959915161,
    -0.9113271832466125,
    -0.9175410866737366,
    -0.823455274105072,
    -0.7491904497146606,
    -0.6700361371040344,
    -0.769951343536377,
    -0.800326406955719,
    -0.8628838658332825,
    -0.8974297046661377,
    -0.9255325794219971,
    -0.7929978370666504,
    -0.6790497899055481,
    -0.5810906291007996,
    -0.4967181384563446,
    -0.5040639042854309,
    -0.4231621026992798,
    -0.35987749695777893,
    -0.3802075982093811,
    -0.39723196625709534,
    -0.30322006344795227,
    -0.2524184286594391,
    -0.19987596571445465,
    -0.1543794721364975,
    -0.1668117642402649,
    -0.17405496537685394,
    -0.17561829090118408,
    -0.11865600198507309,
    -0.09052124619483948,
    -0.09836677461862564,
    -0.06863726675510406,
    -0.05055319145321846,
    -0.034759923815727234,
    -0.023828625679016113,
    -0.016277799382805824,
    -0.009973960928618908,
    -0.005887801293283701,
    -0.003371295053511858,
    -0.001678346423432231,
    -0.0008130311616696417,
    -0.00032330991234630346,
    -9.700676309876144e-05,
    -2.2587631974602118e-05,
    -2.7311673420626903e-06,
    0.0
  ],
  "biases": [
    1.8728464841842651,
    1.8750008344650269,
    1.8755589723587036,
    1.8733364343643188,
    1.8736242055892944,
    1.8665616512298584,
    1.8661476373672485,
    1.8610607385635376,
    1.8535056114196777,
    1.8417216539382935,
    1.8495079278945923,
    1.8495972156524658,
    1.854406714439392,
    1.849007248878479,
    1.847278356552124,
    1.8481687307357788,
    1.858660101890564,
    1.8568187952041626,
    1.8653315305709839,
    1.8779442310333252,
    1.8868508338928223,
    1.843764066696167,
    1.8474080562591553,
    1.791595697402954,
    1.7433058023452759,
    1.690824031829834,
    1.7720158100128174,
    1.8000617027282715,
    1.861831545829773,
    1.8963725566864014,
    1.9244720935821533,
    1.781350016593933,
    1.6484090089797974,
    1.524877667427063,
    1.4098368883132935,
    1.4206721782684326,
    1.3012809753417969,
    1.2000559568405151,
    1.2353410720825195,
    1.2648918628692627,
    1.1015912294387817,
    1.0051220655441284,
    0.8945819139480591,
    0.7862393260002136,
    0.8199179768562317,
    0.8395401835441589,
    0.8437755703926086,
    0.6893004775047302,
    0.6020711064338684,
    0.6299610733985901,
    0.5242317914962769,
    0.4500870406627655,
    0.3732793629169464,
    0.30904653668403625,
    0.2554526627063751,
    0.20012550055980682,
    0.15377669036388397,
    0.11659001559019089,
    0.08224089443683624,
    0.05741579830646515,
    0.036176230758428574,
    0.019918356090784073,
    0.00964808464050293,
    0.0034690548200160265,
    0.0
  ]
}