{
  "op": "divide",
  "hidden": 32,
  "cut_points": [
    -Infinity,
    0.15410181879997253,
    0.20850315690040588,
    0.2396279126405716,
    0.24096231162548065,
    0.24175889790058136,
    0.31294724345207214,
    0.424757182598114,
    0.48635414242744446,
    0.5857293009757996,
    0.593207597732544,
    0.9233207702636719,
    0.9900112748146057,
    0.9986244440078735,
    0.9997735023498535,
    0.9998385310173035,
    1.1977040767669678,
    1.434133768081665,
    1.7164181470870972,
    2.091062068939209,
    2.6416029930114746,
    3.3365859985351562,
    4.3370361328125,
    4.338226318359375,
    6.0062665939331055,
    8.538267135620117,
    12.902255058288574,
    12.903975486755371,
    20.44390296936035,
    36.065608978271484,
    77.25234985351562,
    231.68663024902344,
    1169.938232421875,
    Infinity
  ],
  "slopes": [
    -1.057484745979309,
    -1.0037634372711182,
    -0.9495677351951599,
    -1.0306988954544067,
    -1.162845492362976,
    -1.027035117149353,
    -0.938180685043335,
    -0.8844459056854248,
    -0.8778628706932068,
    -0.7334986329078674,
    -0.7206061482429504,
    -0.7000798583030701,
    -0.7085298299789429,
    -0.7719760537147522,
    -0.8190907835960388,
    -0.8299849629402161,
    -0.5786897540092468,
    -0.40382879972457886,
    -0.28225868940353394,
    -0.17917582392692566,
    -0.11230780184268951,
    -0.07059291005134583,
    -0.030624980106949806,
    -0.0376325398683548,
    -0.019665222615003586,
    -0.008791608735918999,
    -0.015128793194890022,
    -0.0037932260893285275,
    -0.00135421275626868,
    -0.00035230102366767824,
    -4.949049616698176e-05,
    -3.376085487616365e-06,
    0.0
  ],
  "biases": [
    1.8604261875152588,
    1.8521475791931152,
    1.8408476114273071,
    1.8602889776229858,
    1.8921313285827637,
    1.8592978715896606,
    1.8314911127090454,
    1.8086669445037842,
    1.8054652214050293,
    1.7209068536758423,
    1.713258981704712,
    1.6943066120147705,
    1.7026722431182861,
    1.7660311460494995,
    1.8131352663040161,
    1.82402765750885,
    1.523050308227539,
    1.2722762823104858,
    1.0636111497879028,
    0.8480585217475891,
    0.6714197397232056,
    0.5322344303131104,
    0.3588920533657074,
    0.389292448759079,
    0.2813759446144104,
    0.18853412568569183,
    0.2702980935573578,
    0.12402423471212387,
    0.07416128367185593,
    0.038026727735996246,
    0.014633904211223125,
    0.003949811682105064,
    0.0
  ]
}