{
  "op": "divide",
  "hidden": 14,
  "cut_points": [
    -Infinity,
    0.15410181879997253,
    0.24175889790058136,
    0.48635414242744446,
    0.5857293009757996,
    0.9998545050621033,
    0.999902606010437,
    0.9999157786369324,
    0.9999184012413025,
    1.535116195678711,
    2.4576802253723145,
    4.469340801239014,
    9.85201358795166,
    32.12158203125,
    177.82754516601562,
    Infinity
  ],
  "slopes": [
    -0.4974989891052246,
    -0.6181342005729675,
    -0.5128486752510071,
    -0.6144558191299438,
    -0.4945680797100067,
    -0.577813446521759,
    -0.5941953063011169,
    -0.6054927706718445,
    -0.6295175552368164,
    -0.2656956911087036,
    -0.09005752205848694,
    -0.02226894162595272,
    -0.002763122320175171,
    -0.00014872166502755135,
    0.0
  ],
  "biases": [
    1.4884741306304932,
    1.5070642232894897,
    1.4816105365753174,
    1.5310275554656982,
    1.4608057737350464,
    1.544039011001587,
    1.5604193210601807,
    1.5717158317565918,
    1.5957386493682861,
    1.0372297763824463,
    0.6055673360824585,
    0.3025970757007599,
    0.11042548716068268,
    0.026446809992194176,
    0.0
  ]
}