{
  "op": "invsqrt",
  "hidden": 14,
  "cut_points": [
    -Infinity,
    0.09734304994344711,
    0.13553106784820557,
    0.1924140304327011,
    0.2784814238548279,
    0.4279346466064453,
    0.6809499263763428,
    1.153090000152588,
    2.17646861076355,
    4.355771541595459,
    9.368873596191406,
    22.941404342651367,
    69.63784790039062,
    259.2662658691406,
    1797.46826171875,
    Infinity
  ],
  "slopes": [
    -12.656624794006348,
    -12.758082389831543,
    -7.568455219268799,
    -4.558557987213135,
    -2.3987622261047363,
    -1.2617944478988647,
    -0.6040626168251038,
    -0.24464267492294312,
    -0.08930487930774689,
    -0.03017142228782177,
    -0.008411919698119164,
    -0.0018921871669590473,
    -0.000276647275313735,
    -3.568250031094067e-05,
    0.0
  ],
  "biases": [
    4.4111714363098145,
    4.421047687530518,
    3.7176918983459473,
    3.138545274734497,
    2.5370824337005615,
    2.05053448677063,
    1.6026520729064941,
    1.1882084608078003,
    0.8501206040382385,
    0.5925487875938416,
    0.38868674635887146,
    0.239114910364151,
    0.12661218643188477,
    0.06413815915584564,
    0.0
  ]
}