{
  "op": "exp",
  "hidden": 32,
  "cut_points": [
    -Infinity,
    -8.644187927246094,
    -6.461562156677246,
    -6.458985328674316,
    -5.2029595375061035,
    -4.323502540588379,
    -3.6673436164855957,
    -3.146221876144409,
    -2.706387996673584,
    -2.344644069671631,
    -2.3404438495635986,
    -2.3402645587921143,
    -2.0794548988342285,
    -1.8480714559555054,
    -1.6350456476211548,
    -1.4835567474365234,
    -1.3387501239776611,
    -1.1679519414901733,
    -1.1656389236450195,
    -1.0437290668487549,
    -0.9263572096824646,
    -0.7876276969909668,
    -0.7861148118972778,
    -0.6644050478935242,
    -0.5693590044975281,
    -0.4780476689338684,
    -0.47754645347595215,
    -0.47699257731437683,
    -0.35745519399642944,
    -0.23922429978847504,
    -0.23846971988677979,
    -0.1176803782582283,
    7.557544449809939e-05,
    Infinity
  ],
  "slopes": [
    0.0,
    0.0005490962066687644,
    0.013429081998765469,
    0.002950516063719988,
    0.008678160607814789,
    0.018570659682154655,
    0.033355943858623505,
    0.053742241114377975,
    0.08077514171600342,
    0.13154065608978271,
    0.11307108402252197,
    0.11067809909582138,
    0.13983651995658875,
    0.17607983946800232,
    0.2133375108242035,
    0.24079737067222595,
    0.2853849232196808,
    0.36349645256996155,
    0.335053026676178,
    0.36954793334007263,
    0.42460137605667114,
    0.5586235523223877,
    0.4840688407421112,
    0.5446953177452087,
    0.5875758528709412,
    0.5520173907279968,
    0.5188290476799011,
    0.6585257649421692,
    0.7422001957893372,
    0.6615697741508484,
    0.8369189500808716,
    0.9431619048118591,
    0.902328610420227
  ],
  "biases": [
    0.0,
    0.004746490623801947,
    0.08797131478786469,
    0.020290421321988106,
    0.05009112134575844,
    0.0928613692522049,
    0.1470840871334076,
    0.21122390031814575,
    0.28438544273376465,
    0.40341246128082275,
    0.3601854741573334,
    0.3545852601528168,
    0.41521888971328735,
    0.48219913244247437,
    0.543117105960846,
    0.583855390548706,
    0.643546998500824,
    0.7347774505615234,
    0.701622724533081,
    0.7376260757446289,
    0.7886252403259277,
    0.8941847681999207,
    0.8355762362480164,
    0.8758567571640015,
    0.9002711772918701,
    0.8832725286483765,
    0.8674235939979553,
    0.9340578317642212,
    0.9639677405357361,
    0.9446789622306824,
    0.9864944219589233,
    0.998997151851654,
    0.9990002512931824
  ]
}