{
  "op": "invsqrt",
  "hidden": 10,
  "cut_points": [
    -Infinity,
    0.09717319160699844,
    0.16554364562034607,
    0.2945857644081116,
    0.6075405478477478,
    1.471936583518982,
    4.403250217437744,
    4.404280185699463,
    17.09342384338379,
    88.20875549316406,
    1267.9986572265625,
    Infinity
  ],
  "slopes": [
    -10.64300537109375,
    -10.779533386230469,
    -4.848620891571045,
    -1.8009902238845825,
    -0.5132759809494019,
    -0.11896326392889023,
    -0.011211995035409927,
    -0.017112640663981438,
    -0.0018369306344538927,
    -6.63396276650019e-05,
    0.0
  ],
  "biases": [
    4.178970813751221,
    4.192237377166748,
    3.2104127407073975,
    2.312623977661133,
    1.5302854776382446,
    0.9498820900917053,
    0.47542625665664673,
    0.5014143586158752,
    0.24030017852783203,
    0.0841185599565506,
    0.0
  ]
}