{
  "op": "exp",
  "hidden": 14,
  "cut_points": [
    -Infinity,
    -7.311196804046631,
    -7.308353900909424,
    -5.108770847320557,
    -3.8546605110168457,
    -2.977959394454956,
    -2.3092710971832275,
    -1.7644621133804321,
    -1.7640200853347778,
    -1.3094295263290405,
    -1.3083573579788208,
    -0.9214761257171631,
    -0.5805481672286987,
    -0.27621084451675415,
    0.0008918472449295223,
    Infinity
  ],
  "slopes": [
    0.0,
    -0.0029886323027312756,
    0.002108556218445301,
    0.011541588231921196,
    0.03313536196947098,
    0.07152940332889557,
    0.1309262067079544,
    0.2471078634262085,
    0.21553866565227509,
    0.3880147635936737,
    0.32851409912109375,
    0.47264328598976135,
    0.652536153793335,
    0.8715092539787292,
    0.8497704267501831
  ],
  "biases": [
    0.0,
    -0.021850477904081345,
    0.015401579439640045,
    0.06359277665615082,
    0.14682945609092712,
    0.2611653506755829,
    0.39832866191864014,
    0.6033267974853516,
    0.5476380586624146,
    0.773483395576477,
    0.6956352591514587,
    0.8284468650817871,
    0.9328833818435669,
    0.9933661222457886,
    0.9933854937553406
  ]
}