{
  "op": "exp",
  "hidden": 15,
  "cut_points": [
    -Infinity,
    -7.5374755859375,
    -5.335250377655029,
    -5.332887649536133,
    -4.078887462615967,
    -4.07847785949707,
    -3.2013232707977295,
    -2.5259459018707275,
    -1.9838380813598633,
    -1.9828259944915771,
    -1.982654333114624,
    -1.538930892944336,
    -1.1569008827209473,
    -0.8221635222434998,
    -0.5216289758682251,
    -0.24956785142421722,
    Infinity
  ],
  "slopes": [
    0.0,
    0.0016854646382853389,
    0.014045235700905323,
    0.009195448830723763,
    0.033116959035396576,
    0.026459915563464165,
    0.05740818381309509,
    0.1053161546587944,
    0.22897951304912567,
    0.2023015320301056,
    0.1725270003080368,
    0.2605568766593933,
    0.37226584553718567,
    0.5113760232925415,
    0.6807371973991394,
    0.8832650184631348
  ],
  "biases": [
    0.0,
    0.012704148888587952,
    0.07864662259817123,
    0.05278325825929642,
    0.15035639703273773,
    0.12320579588413239,
    0.22228121757507324,
    0.3432941436767578,
    0.5886222124099731,
    0.535724401473999,
    0.4766918122768402,
    0.6121637225151062,
    0.7413999438285828,
    0.8557712435722351,
    0.9441149234771729,
    0.9946593642234802
  ]
}