{
  "op": "gelu",
  "hidden": 32,
  "cut_points": [
    -Infinity,
    -104.76697540283203,
    -2.924853563308716,
    -2.2098910808563232,
    -1.6001805067062378,
    -1.5970557928085327,
    -1.5086051225662231,
    -1.4963481426239014,
    -1.0659157037734985,
    -0.7058813571929932,
    -0.7004915475845337,
    -0.35048484802246094,
    -0.15501683950424194,
    0.07071661949157715,
    0.07642807066440582,
    0.07787599414587021,
    0.2871038615703583,
    0.439956396818161,
    0.4423353672027588,
    0.4449721872806549,
    0.4450415372848511,
    0.5568503737449646,
    0.6726793050765991,
    0.8243955373764038,
    0.8640977144241333,
    1.02354097366333,
    1.9752185344696045,
    2.3140218257904053,
    2.7994821071624756,
    2.8033878803253174,
    5.062342643737793,
    14.07991886138916,
    14.901716232299805,
    Infinity
  ],
  "slopes": [
    -0.00016872520791366696,
    -0.0009442336158826947,
    -0.035740260034799576,
    -0.09265713393688202,
    -0.21287861466407776,
    -0.2057020664215088,
    0.042126357555389404,
    -0.12058790773153305,
    -0.06608402729034424,
    0.16281691193580627,
    0.12369106709957123,
    0.3321705758571625,
    0.4303407669067383,
    0.8694854974746704,
    0.7844975590705872,
    0.6717163920402527,
    0.7634500861167908,
    1.0186418294906616,
    1.0017874240875244,
    0.9130096435546875,
    0.8838207125663757,
    0.9188739061355591,
    1.0064798593521118,
    1.0523712635040283,
    1.0534896850585938,
    1.1211895942687988,
    1.0536433458328247,
    1.0473519563674927,
    1.0577400922775269,
    1.0011365413665771,
    1.0070832967758179,
    1.0106631517410278,
    1.0162196159362793
  ],
  "biases": [
    0.07701826840639114,
    -0.004229400772601366,
    -0.10600268840789795,
    -0.23178277909755707,
    -0.42415884137153625,
    -0.4126974940299988,
    -0.03882230818271637,
    -0.2822994589805603,
    -0.2242029309272766,
    -0.06262602657079697,
    -0.09003335237503052,
    -0.016964443027973175,
    -0.0017464086413383484,
    -0.03280124068260193,
    -0.026305776089429855,
    -0.01752283051609993,
    -0.04385993257164955,
    -0.15613317489624023,
    -0.14867785573005676,
    -0.10917424410581589,
    -0.09618394076824188,
    -0.11570332944393158,
    -0.17463405430316925,
    -0.21246668696403503,
    -0.2134331315755844,
    -0.28272682428359985,
    -0.14930810034275055,
    -0.13474981486797333,
    -0.1638314574956894,
    -0.005149558186531067,
    -0.035253942012786865,
    -0.08565851300954819,
    -0.16845910251140594
  ]
}