{
  "op": "invsqrt",
  "hidden": 15,
  "cut_points": [
    -Infinity,
    0.13411512970924377,
    0.18732395768165588,
    0.2628317177295685,
    0.37814098596572876,
    0.5523203015327454,
    0.8532021045684814,
    1.3628735542297363,
    2.3219943046569824,
    4.460140705108643,
    9.469515800476074,
    23.098468780517578,
    69.62174987792969,
    69.68888854980469,
    259.22705078125,
    1798.8271484375,
    Infinity
  ],
  "slopes": [
    -12.830471992492676,
    -7.797384738922119,
    -4.79282808303833,
    -2.7691919803619385,
    -1.638899326324463,
    -0.8549143671989441,
    -0.44668644666671753,
    -0.2125813364982605,
    -0.08489707112312317,
    -0.02956332638859749,
    -0.008302029222249985,
    -0.0018849587067961693,
    -0.00302681140601635,
    -0.00027643964858725667,
    -3.564686994650401e-05,
    0.0
  ],
  "biases": [
    4.429043769836426,
    3.754030704498291,
    3.1912052631378174,
    2.659329652786255,
    2.231919527053833,
    1.7989088296890259,
    1.4506078958511353,
    1.1315522193908691,
    0.8350700736045837,
    0.588273823261261,
    0.3869396150112152,
    0.23871511220932007,
    0.3182128965854645,
    0.1265425682067871,
    0.06412255764007568,
    0.0
  ]
}