{
  "op": "silu",
  "hidden": 15,
  "cut_points": [
    -Infinity,
    -1.1975536346435547,
    -0.6480956077575684,
    -0.5651475787162781,
    -0.24074214696884155,
    -0.2005295604467392,
    0.13470061123371124,
    0.16910000145435333,
    0.18922623991966248,
    0.6243756413459778,
    0.9430826306343079,
    1.1766204833984375,
    1.3835614919662476,
    1.659629464149475,
    1.6629152297973633,
    7.269588470458984,
    Infinity
  ],
  "slopes": [
    -7.444992661476135e-06,
    -0.061300136148929596,
    0.2741662561893463,
    0.22668781876564026,
    0.31374725699424744,
    0.40052369236946106,
    0.5195102691650391,
    0.21267423033714294,
    0.6891511678695679,
    0.8592480421066284,
    1.0454078912734985,
    1.063367486000061,
    0.9680960178375244,
    1.0433530807495117,
    1.0218908786773682,
    0.9999998211860657
  ],
  "biases": [
    -0.00016489624977111816,
    -0.07356618344783783,
    0.14384810626506805,
    0.1170157864689827,
    0.13797466456890106,
    0.1553758978843689,
    0.1393483281135559,
    0.19123432040214539,
    0.10107237845659256,
    -0.0051319897174835205,
    -0.18069609999656677,
    -0.2018277645111084,
    -0.07001379132270813,
    -0.19491270184516907,
    -0.15922287106513977,
    -8.367747068405151e-05
  ]
}