{
  "op": "silu",
  "hidden": 16,
  "cut_points": [
    -Infinity,
    -4.771594524383545,
    -3.0597002506256104,
    -1.5552343130111694,
    -1.012803554534912,
    -0.30684685707092285,
    -0.30232730507850647,
    0.2484257072210312,
    0.2563970685005188,
    0.27035078406333923,
    0.5790906548500061,
    0.8160279393196106,
    1.3191770315170288,
    3.5591297149658203,
    4.288740634918213,
    6.0566630363464355,
    112.2375259399414,
    Infinity
  ],
  "slopes": [
    -3.943219780921936e-06,
    -0.08383147418498993,
    -0.08638216555118561,
    -0.011882263235747814,
    0.18154561519622803,
    0.03675206005573273,
    0.5023019909858704,
    1.0829187631607056,
    1.0393062829971313,
    0.7152531147003174,
    0.8247380256652832,
    0.9144444465637207,
    1.0894181728363037,
    1.049996018409729,
    1.032829999923706,
    1.0000035762786865,
    0.9989611506462097
  ],
  "biases": [
    -0.00027849525213241577,
    -0.4002695083618164,
    -0.40807387232780457,
    -0.29220905900001526,
    -0.09630460292100906,
    -0.14073404669761658,
    1.4394521713256836e-05,
    -0.14422576129436493,
    -0.13304364681243896,
    -0.04543561115860939,
    -0.10883727669715881,
    -0.1820402592420578,
    -0.41286149621009827,
    -0.27255308628082275,
    -0.19893240928649902,
    -0.00011395243927836418,
    0.11689276248216629
  ]
}