{
  "op": "silu",
  "hidden": 10,
  "cut_points": [
    -Infinity,
    -4.900505065917969,
    -1.432680606842041,
    2.3941365725477226e-05,
    0.27333009243011475,
    0.3674991726875305,
    0.5071090459823608,
    0.6083431839942932,
    1.3767895698547363,
    5.089457988739014,
    7.17042875289917,
    Infinity
  ],
  "slopes": [
    -6.463378667831421e-06,
    -0.07938006520271301,
    0.03842872008681297,
    1.0384293794631958,
    0.9045585989952087,
    1.0207644701004028,
    1.2073965072631836,
    1.0146297216415405,
    1.040160059928894,
    1.0166022777557373,
    1.0000007152557373
  ],
  "biases": [
    -0.00010930746793746948,
    -0.38908007740974426,
    -0.22029772400856018,
    -0.2203216701745987,
    -0.18373073637485504,
    -0.2264362871646881,
    -0.3210790753364563,
    -0.20381073653697968,
    -0.23896068334579468,
    -0.11906393617391586,
    -2.394138391537126e-05
  ]
}