{
  "op": "gelu",
  "hidden": 10,
  "cut_points": [
    -Infinity,
    -2.38346791267395,
    -2.38110089302063,
    -0.6789962649345398,
    -0.14562349021434784,
    0.28664469718933105,
    0.7539963126182556,
    2.3935067653656006,
    4.981289386749268,
    4.999657154083252,
    5.062342643737793,
    Infinity
  ],
  "slopes": [
    -0.002779625356197357,
    -0.783772349357605,
    -0.106617271900177,
    0.20436212420463562,
    0.5623811483383179,
    0.8739776611328125,
    1.1078547239303589,
    1.002748727798462,
    0.8099947571754456,
    0.677155077457428,
    0.711510956287384
  ],
  "biases": [
    -0.01204678788781166,
    -1.8735179901123047,
    -0.2611435651779175,
    -0.04998970031738281,
    0.0021463632583618164,
    -0.08717119693756104,
    -0.2635136842727661,
    -0.01194155216217041,
    0.9482216238975525,
    1.6123744249343872,
    1.438453197479248
  ]
}