{
  "op": "exp",
  "hidden": 10,
  "cut_points": [
    -Infinity,
    -6.8035888671875,
    -4.604423522949219,
    -3.3481285572052,
    -2.4659268856048584,
    -1.7823938131332397,
    -1.226002812385559,
    -1.225925326347351,
    -0.7568038702011108,
    -0.35434040427207947,
    0.0005855042836628854,
    Infinity
  ],
  "slopes": [
    0.0,
    0.003512623021379113,
    0.019049717113375664,
    0.05511215329170227,
    0.12007629871368408,
    0.2228328436613083,
    0.4369089901447296,
    0.3718203902244568,
    0.5751509666442871,
    0.8389108180999756,
    0.8025203943252563
  ],
  "biases": [
    0.0,
    0.023898443207144737,
    0.09543780237436295,
    0.21617946028709412,
    0.37637630105018616,
    0.5595289468765259,
    0.8219869136810303,
    0.7421931624412537,
    0.8960745334625244,
    0.9895352721214294,
    0.989556610584259
  ]
}