{
  "op": "exp",
  "hidden": 16,
  "cut_points": [
    -Infinity,
    -7.586081027984619,
    -7.585902214050293,
    -7.585555076599121,
    -5.428670883178711,
    -4.195294380187988,
    -4.194315433502197,
    -3.333235502243042,
    -2.668735980987549,
    -2.138749361038208,
    -2.1366822719573975,
    -1.7074092626571655,
    -1.3377870321273804,
    -1.0138894319534302,
    -0.7234914898872375,
    -0.46210533380508423,
    -0.22325752675533295,
    Infinity
  ],
  "slopes": [
    0.0,
    -0.00696532940492034,
    -0.0184357650578022,
    0.0015657669864594936,
    0.008292660117149353,
    0.042850565165281296,
    0.02329004555940628,
    0.05007053166627884,
    0.09105610102415085,
    0.17314176261425018,
    0.14679262042045593,
    0.21874697506427765,
    0.309099406003952,
    0.42019185423851013,
    0.5535597205162048,
    0.7103177309036255,
    0.8949798941612244
  ],
  "biases": [
    0.0,
    -0.052839554846286774,
    -0.13985316455364227,
    0.011869549751281738,
    0.048387639224529266,
    0.19336822628974915,
    0.1113252341747284,
    0.20059090852737427,
    0.30997055768966675,
    0.4855312407016754,
    0.4292314946651459,
    0.5520870089530945,
    0.6729593276977539,
    0.7855948209762573,
    0.8820853233337402,
    0.954524040222168,
    0.9957512617111206
  ]
}