{
  "op": "gelu",
  "hidden": 16,
  "cut_points": [
    -Infinity,
    -2.4500908851623535,
    -1.7274019718170166,
    -0.9925762414932251,
    -0.736324667930603,
    -0.2378375083208084,
    -0.23121985793113708,
    0.2312336564064026,
    0.24872930347919464,
    0.2541983127593994,
    0.40657490491867065,
    0.5559660196304321,
    0.8639410138130188,
    1.819880723953247,
    2.2266898155212402,
    2.9883289337158203,
    10.119930267333984,
    Infinity
  ],
  "slopes": [
    -1.831725239753723e-05,
    -0.10651272535324097,
    -0.1110723465681076,
    -0.06894713640213013,
    0.11069300770759583,
    0.6200644373893738,
    0.5282207131385803,
    1.0908854007720947,
    1.0234158039093018,
    0.7448822259902954,
    0.8643795251846313,
    0.9507755637168884,
    1.1199121475219727,
    1.0885813236236572,
    1.0339945554733276,
    1.000006914138794,
    0.9852641224861145
  ],
  "biases": [
    -0.00012221746146678925,
    -0.2610432207584381,
    -0.26891952753067017,
    -0.22710701823234558,
    -0.09483356028795242,
    0.026314079761505127,
    0.00507798045873642,
    -0.12502902746200562,
    -0.10824735462665558,
    -0.0374445915222168,
    -0.08602919429540634,
    -0.13406245410442352,
    -0.2801865041255951,
    -0.2231680303812027,
    -0.10162030905485153,
    -5.398504436016083e-05,
    0.14914220571517944
  ]
}