{
  "op": "silu",
  "hidden": 16,
  "cut_points": [
    -Infinity,
    -3.516963005065918,
    -1.64451265335083,
    -1.1365745067596436,
    -0.7050062417984009,
    -0.28518956899642944,
    -0.28411751985549927,
    0.03312963619828224,
    0.309129536151886,
    0.320296972990036,
    0.32109975814819336,
    0.8479903936386108,
    1.518577218055725,
    3.1269114017486572,
    3.6309890747070312,
    4.168751239776611,
    5.062342643737793,
    Infinity
  ],
  "slopes": [
    -0.045846328139305115,
    -0.0932694673538208,
    -0.022304536774754524,
    0.09733626246452332,
    0.25820887088775635,
    0.7501453161239624,
    0.45723628997802734,
    0.5718095302581787,
    0.18078410625457764,
    0.7911574840545654,
    0.7732088565826416,
    0.9739452004432678,
    1.09481680393219,
    1.0735324621200562,
    1.057424783706665,
    1.0369380712509155,
    1.0029447078704834
  ],
  "biases": [
    -0.25663042068481445,
    -0.4234158396720886,
    -0.30671313405036926,
    -0.17073245346546173,
    -0.057316266000270844,
    0.08297886699438095,
    -0.00024171173572540283,
    -0.004037480801343918,
    0.11684003472328186,
    -0.07866072654724121,
    -0.07289740443229675,
    -0.24311986565589905,
    -0.42667269706726074,
    -0.36011844873428345,
    -0.3016316294670105,
    -0.216227725148201,
    -0.04414156451821327
  ]
}