model,wiki_ppl
gemma_2b_instruct_nnlut,41.194576263427734
gemma_2b_nnlut,14.19393253326416
llama3.2_1b_nnlut,9.814977645874023
qwen2.5_0.5b_nnlut,14.307707786560059
qwen2.5_1.5b_nnlut,20331.947265625
qwen2.5_3b_nnlut,3691617.75
smollm_1.7b_nnlut,13.44144344329834
smollm_135m_nnlut,21.13742446899414
smollm_360m_nnlut,12.785353660583496
smollm_3b_nnlut,12.611062049865723
tinyllama_1.1b_nnlut,7.807337760925293
