{
  "op": "divide",
  "hidden": 16,
  "cut_points": [
    -Infinity,
    0.15410181879997253,
    0.24175889790058136,
    0.48635414242744446,
    0.5857293009757996,
    0.593207597732544,
    0.9773746728897095,
    0.9998784065246582,
    1.4302988052368164,
    2.086118698120117,
    3.175611734390259,
    5.059494495391846,
    5.061618804931641,
    9.052754402160645,
    19.821632385253906,
    64.11572265625,
    353.4749450683594,
    Infinity
  ],
  "slopes": [
    -0.34259432554244995,
    -0.3324277698993683,
    -0.29508674144744873,
    -0.46543604135513306,
    -0.6814766526222229,
    -0.5564261078834534,
    -0.6582705974578857,
    -0.6830345988273621,
    -0.3336866497993469,
    -0.1459898203611374,
    -0.06221568584442139,
    -0.06936956942081451,
    -0.021764710545539856,
    -0.0054810368455946445,
    -0.0006906291237100959,
    -3.7332178180804476e-05,
    0.0
  ],
  "biases": [
    1.410557508468628,
    1.4089908599853516,
    1.3999632596969604,
    1.4828133583068848,
    1.6093547344207764,
    1.535173773765564,
    1.6347140073776245,
    1.6594749689102173,
    1.159803032875061,
    0.7682451605796814,
    0.5022110342979431,
    0.5384060740470886,
    0.29744839668273926,
    0.1500362902879715,
    0.055082593113183975,
    0.013195988722145557,
    0.0
  ]
}