{
  "op": "silu",
  "hidden": 16,
  "cut_points": [
    -Infinity,
    -4.510748386383057,
    -1.6319026947021484,
    -1.3854477405548096,
    -0.8458209037780762,
    -0.24155493080615997,
    -0.2350386530160904,
    0.28474003076553345,
    0.2857127785682678,
    0.2882660925388336,
    0.6206524968147278,
    0.9100937843322754,
    1.4466303586959839,
    3.5150134563446045,
    4.797107696533203,
    6.548854351043701,
    10.119930267333984,
    Infinity
  ],
  "slopes": [
    -0.0054275160655379295,
    -0.08358455449342728,
    -0.07358609884977341,
    0.03453584015369415,
    0.2282133549451828,
    0.6971852779388428,
    0.5306490659713745,
    1.1068142652511597,
    1.053672432899475,
    0.729008674621582,
    0.8480449914932251,
    0.9570821523666382,
    1.0922553539276123,
    1.0476438999176025,
    1.016521692276001,
    1.0019937753677368,
    0.9872509837150574
  ],
  "biases": [
    -0.048101913183927536,
    -0.40064865350723267,
    -0.38433215022087097,
    -0.2345348596572876,
    -0.07071837782859802,
    0.04256409406661987,
    0.0034216493368148804,
    -0.16063566505908966,
    -0.1454523503780365,
    -0.051862798631191254,
    -0.12574300169944763,
    -0.2249770164489746,
    -0.42052263021469116,
    -0.2637130320072174,
    -0.11441634595394135,
    -0.019275031983852386,
    0.12992116808891296
  ]
}