{
  "op": "silu",
  "hidden": 64,
  "cut_points": [
    -Infinity,
    -162.17100524902344,
    -150.01483154296875,
    -150.0086212158203,
    -150.0018768310547,
    -14.266650199890137,
    -7.4842915534973145,
    -5.557784080505371,
    -5.209712505340576,
    -3.2348639965057373,
    -2.698247194290161,
    -2.3468637466430664,
    -1.8122594356536865,
    -1.6995365619659424,
    -1.5691736936569214,
    -1.3375517129898071,
    -1.3191450834274292,
    -1.07907235622406,
    -1.0583772659301758,
    -0.8493666648864746,
    -0.7445510029792786,
    -0.6499632000923157,
    -0.5242097973823547,
    -0.514103353023529,
    -0.44572725892066956,
    -0.26111239194869995,
    -0.2609499394893646,
    -0.21136462688446045,
    -0.08250964432954788,
    -0.06361331790685654,
    -0.007153126411139965,
    0.011821204796433449,
    0.18936163187026978,
    0.1913461536169052,
    0.25741785764694214,
    0.27093425393104553,
    0.37086448073387146,
    0.39377957582473755,
    0.4623679220676422,
    0.5641477108001709,
    0.5671537518501282,
    0.6200971603393555,
    0.6218334436416626,
    0.740303099155426,
    0.8126208782196045,
    0.8247690200805664,
    0.9057122468948364,
    1.344192624092102,
    1.4568262100219727,
    1.831710696220398,
    2.0583550930023193,
    2.0632262229919434,
    2.311838150024414,
    2.778944969177246,
    3.1584792137145996,
    3.798534631729126,
    4.108965873718262,
    4.2281928062438965,
    5.323835849761963,
    9.348037719726562,
    9.510286331176758,
    10.962724685668945,
    150.00418090820312,
    150.0099334716797,
    225.4097442626953,
    Infinity
  ],
  "slopes": [
    0.0002954840601887554,
    7.64897049521096e-06,
    7.648979590157978e-06,
    7.623626515851356e-06,
    7.623441888426896e-06,
    -0.0017427456332370639,
    -0.010036074556410313,
    -0.010034291073679924,
    -0.03905400633811951,
    -0.0023022573441267014,
    -0.02789498120546341,
    -0.020388217642903328,
    -0.07434235513210297,
    -0.09047023952007294,
    -0.08409272134304047,
    -0.08310015499591827,
    -0.07492820918560028,
    -0.02518366649746895,
    0.0631866604089737,
    0.10253656655550003,
    0.10810962319374084,
    0.15970100462436676,
    0.2549639344215393,
    0.17064829170703888,
    0.32428058981895447,
    0.3482981324195862,
    0.2938061058521271,
    0.20563876628875732,
    0.09522560238838196,
    0.08889079093933105,
    0.1481722593307495,
    0.35122954845428467,
    0.2967342138290405,
    0.5096991062164307,
    0.5233414769172668,
    0.6004980206489563,
    0.7296988368034363,
    0.7233959436416626,
    0.7023397088050842,
    0.8736308813095093,
    0.9589113593101501,
    1.1015123128890991,
    1.0530186891555786,
    1.0903376340866089,
    1.0236036777496338,
    1.013543725013733,
    1.0165401697158813,
    1.028537631034851,
    1.0496503114700317,
    1.0481853485107422,
    1.0519899129867554,
    1.0735784769058228,
    1.0826798677444458,
    1.0851433277130127,
    1.1039466857910156,
    1.1044375896453857,
    1.0323246717453003,
    1.0196257829666138,
    0.9987254738807678,
    0.9948287606239319,
    1.0118814706802368,
    1.0000056028366089,
    1.0000054836273193,
    1.0000054836273193,
    1.0000054836273193
  ],
  "biases": [
    0.046861570328474045,
    0.00018306331185158342,
    0.0001830646360758692,
    0.00017926140571944416,
    0.0001792337279766798,
    -0.02479267120361328,
    -0.08686236292123795,
    -0.08685245364904404,
    -0.2380368411540985,
    -0.11914993077516556,
    -0.18820542097091675,
    -0.17058807611465454,
    -0.2683669626712799,
    -0.295776903629303,
    -0.2857694625854492,
    -0.28444185853004456,
    -0.27366188168525696,
    -0.21998390555381775,
    -0.12645477056503296,
    -0.09303226321935654,
    -0.08888284116983414,
    -0.05535034462809563,
    -0.00541258230805397,
    -0.04875953868031502,
    0.01971857249736786,
    0.025989852845668793,
    0.011770151555538177,
    -0.006865300238132477,
    -0.01597544550895691,
    -0.016378432512283325,
    -0.015954390168190002,
    -0.018354766070842743,
    -0.008035436272621155,
    -0.04878544807434082,
    -0.05229724198579788,
    -0.07320158928632736,
    -0.12111758440732956,
    -0.1186356395483017,
    -0.10889990627765656,
    -0.20553342998027802,
    -0.25390058755874634,
    -0.3423270285129547,
    -0.3121720850467682,
    -0.3397993743419647,
    -0.2855699956417084,
    -0.27727288007736206,
    -0.27998679876327515,
    -0.29611361026763916,
    -0.3268710970878601,
    -0.3241877853870392,
    -0.3320188522338867,
    -0.3765609860420227,
    -0.3976020812988281,
    -0.4044477045536041,
    -0.4638378918170929,
    -0.4657023251056671,
    -0.1693929135799408,
    -0.11569923907518387,
    -0.004429721739143133,
    0.03199706971645355,
    -0.1301785260438919,
    1.2739066733047366e-05,
    1.330522991338512e-05,
    1.5700481526437216e-05,
    1.5318641089834273e-05
  ]
}