{
  "op": "silu",
  "hidden": 16,
  "cut_points": [
    -Infinity,
    -3.589053153991699,
    -1.1499096155166626,
    -0.40306252241134644,
    -0.15835268795490265,
    -0.1127060204744339,
    0.18020027875900269,
    0.27033525705337524,
    0.31201037764549255,
    0.47849544882774353,
    0.8462004661560059,
    1.4169641733169556,
    3.7377350330352783,
    5.763789653778076,
    8.685283660888672,
    216.67678833007812,
    714.1400146484375,
    Infinity
  ],
  "slopes": [
    -1.3041310012340546e-05,
    -0.028876610100269318,
    0.02566518262028694,
    0.16472552716732025,
    0.6714165210723877,
    0.5693264007568359,
    1.1281070709228516,
    0.7894441485404968,
    0.7239696979522705,
    0.8236846923828125,
    0.8842573165893555,
    1.0428484678268433,
    1.0190001726150513,
    1.010235071182251,
    0.9999971985816956,
    0.9999971985816956,
    0.9998368620872498
  ],
  "biases": [
    -0.00011156871914863586,
    -0.10370445251464844,
    -0.0409863255918026,
    0.015063684433698654,
    0.09529955685138702,
    0.08379338681697845,
    -0.016899053007364273,
    0.07465347647666931,
    0.09508220851421356,
    0.04736904054880142,
    -0.003887537866830826,
    -0.2286054790019989,
    -0.13946720957756042,
    -0.08894704282283783,
    -2.7839094400405884e-05,
    -2.7839094400405884e-05,
    0.11447039991617203
  ]
}